{
    "LogisticRegression": {
        "accuracy": 0.7835866261398176,
        "precision": 0.8324251934954111,
        "recall": 0.8840739357729648,
        "f1": 0.8571991860802457,
        "roc_auc": 0.7653255757624688
    },
    "RandomForest": {
        "accuracy": 0.7835460992907801,
        "precision": 0.7987768147913249,
        "recall": 0.9439507094846901,
        "f1": 0.8651758088285719,
        "roc_auc": 0.7639363784994854
    },
    "GradientBoosting": {
        "accuracy": 0.7693009118541033,
        "precision": 0.8109495970625373,
        "recall": 0.8956310679611651,
        "f1": 0.8511396076795987,
        "roc_auc": 0.7565609672405789
    },
    "NeuralNetwork": {
        "accuracy": 0.7522695035460993,
        "precision": 0.8230273114096643,
        "recall": 0.8454443614637789,
        "f1": 0.8330556090750013,
        "roc_auc": 0.747016228326908
    }
}