{
    "LinearRegression": {
        "MAE": 35.00219399120442,
        "RMSE": 64.72404455417934,
        "R2": 0.745619807907625
    },
    "RandomForest": {
        "MAE": 21.040040440142654,
        "RMSE": 55.747441586041816,
        "R2": 0.8111491313827607
    },
    "GradientBoosting": {
        "MAE": 30.02906180335497,
        "RMSE": 52.902519320783895,
        "R2": 0.82999590751944
    },
    "NeuralNetwork": {
        "MAE": 21.198326289292797,
        "RMSE": 47.81964890898596,
        "R2": 0.8610864251797707
    }
}